{
  "model": "PurchaseOrderRequestType",
  "package": "io.dscope.rosettanet.interchange.purchaseorderrequest.v02_05",
  "qualifiedName": "io.dscope.rosettanet.interchange.purchaseorderrequest.v02_05.PurchaseOrderRequestType",
  "fields": [
    {
      "name": "documentHeader",
      "type": "DocumentHeader",
      "cardinality": "0..1",
      "jaxbElement": true,
      "required": false,
      "description": "Standard Document Header"
    },
    {
      "name": "purchaseOrder",
      "type": "PurchaseOrderType",
      "cardinality": "0..1",
      "jaxbElement": false,
      "required": true,
      "description": "The Purchase Order payload"
    }
  ]
}